x1,y1,r1,x2,y2,r2,x3,y3,r3,x4,y4,r4,x5,y5,r5,x6,y6,r6,x7,y7,r7,class
258.681,132.0,30.0,262.0,99.5,35.0,269.0,61.5,41.0,285.358,30.021,52.0,326.5,12.978,74.0,576.0,426.0,82.0,561.0,470.0,72.0,5
274.0,234.0,19.0,269.0,242.0,22.0,269.549,218.551,28.0,275.396,212.51,30.0,284.0,223.5,39.0,305.0,261.5,65.0,347.5,368.5,121.0,4
263.5,239.0,24.0,260.867,215.5,30.0,256.0,190.0,32.0,248.817,173.665,37.0,239.0,171.5,49.0,219.537,239.522,109.0,221.5,364.5,125.0,5
259.5,225.824,23.0,255.5,197.5,28.0,246.375,171.5,32.0,234.862,153.266,35.0,220.016,147.945,43.0,192.291,168.87,67.0,106.0,287.0,139.0,5
266.5,199.5,28.0,262.435,165.822,31.0,259.0,133.0,33.0,252.5,107.5,36.0,245.0,94.5,44.0,227.681,110.0,63.0,197.021,259.187,170.0,5
268.0,226.0,21.0,262.0,207.0,29.0,260.5,179.296,31.0,256.092,162.5,33.0,255.0,156.0,39.0,261.52,179.505,61.0,252.0,326.455,167.0,4
274.369,179.767,29.0,278.0,151.0,31.0,280.0,126.0,34.0,286.655,114.655,40.0,298.5,131.0,58.0,357.5,231.0,142.0,393.5,372.5,117.0,4
258.0,167.5,29.0,251.387,139.21,30.0,241.21,118.713,32.0,231.0,106.0,38.0,213.63,114.294,48.0,193.5,201.0,99.0,161.0,323.0,78.0,3
271.5,177.5,29.0,280.5,137.5,34.0,293.5,97.0,40.0,324.5,56.0,48.0,367.5,20.0,50.0,563.0,413.5,100.0,520.0,470.0,55.0,2
267.0,189.5,29.0,268.336,157.617,31.0,272.0,129.0,36.0,283.0,107.5,40.0,301.636,101.969,52.0,335.998,155.995,104.0,467.716,282.164,197.0,5
247.5,225.5,20.0,244.0,209.5,26.0,235.5,175.5,30.0,220.0,145.5,33.0,199.0,118.5,37.0,163.918,99.142,43.0,100.5,101.5,56.0,1
257.0,169.816,28.0,262.747,137.253,31.0,271.0,108.0,35.0,290.5,88.0,41.0,321.526,85.367,55.0,395.0,161.5,120.0,524.5,313.0,134.0,2
252.5,167.0,29.0,249.866,134.765,31.0,248.5,109.5,33.0,249.57,97.148,39.0,252.596,105.382,50.0,253.533,199.854,119.0,289.543,353.893,144.0,4
246.968,182.215,29.0,243.726,142.415,32.0,241.304,102.665,33.0,237.065,63.544,39.0,236.39,32.332,46.0,233.5,16.151,61.0,301.5,188.5,281.0,5
264.0,181.0,29.0,261.173,153.769,29.0,259.5,136.337,31.0,257.731,132.07,35.0,260.192,153.661,50.0,242.5,248.0,106.0,240.5,384.592,103.0,3
251.0,175.5,29.0,246.5,147.5,30.0,240.064,126.599,32.0,232.951,120.699,37.0,220.228,134.894,49.0,208.809,227.388,101.0,192.5,372.0,109.0,3
253.5,213.0,20.0,246.5,206.5,24.0,236.0,173.0,30.0,223.0,131.0,30.0,203.208,89.208,31.0,169.5,46.5,35.0,122.5,8.55,30.0,1
252.0,182.5,29.0,246.125,154.638,29.0,240.5,132.0,31.0,231.036,121.002,37.0,218.529,125.317,48.0,195.583,210.251,104.0,166.082,325.56,79.0,3
253.0,182.0,28.0,253.5,153.5,29.0,256.304,129.696,34.0,267.0,118.5,41.0,288.23,140.23,66.0,367.26,270.545,182.0,512.0,467.0,27.0,5
253.0,174.5,23.0,246.031,148.322,28.0,233.0,119.0,31.0,217.728,96.728,35.0,194.474,83.233,43.0,151.069,91.631,61.0,32.297,275.746,57.0,1
248.5,186.5,29.0,244.139,151.596,29.0,241.5,121.0,31.0,236.519,92.655,34.0,230.068,78.068,42.0,221.559,88.756,55.0,203.243,227.354,160.0,5
260.0,100.0,31.0,264.783,57.352,34.0,280.5,20.5,40.0,306.5,8.0,34.0,365.5,10.0,34.0,551.0,429.0,101.0,486.0,472.0,95.0,2
257.5,199.0,28.0,248.0,171.0,28.0,236.484,156.288,30.0,221.0,150.606,33.0,193.0,163.5,46.0,170.5,231.0,66.0,85.066,357.944,26.0,3
253.5,208.0,23.0,244.0,171.0,30.0,234.5,138.5,30.0,220.5,108.5,34.0,199.42,80.545,41.0,154.16,65.087,54.0,66.5,63.5,41.0,1
257.5,200.5,25.0,257.5,162.5,29.0,267.5,126.0,33.0,286.5,92.0,38.0,315.0,58.5,45.0,370.5,33.0,61.0,462.5,30.414,31.0,2
257.5,211.0,25.0,259.0,178.0,28.0,265.0,152.0,32.0,271.6,131.4,35.0,285.629,125.529,42.0,312.825,158.369,71.0,395.786,291.358,167.0,4
259.5,209.5,22.0,257.897,180.0,27.0,258.201,160.183,29.0,261.033,148.81,33.0,268.483,154.483,41.0,284.704,204.908,76.0,312.5,343.446,146.0,4
269.0,208.0,24.0,267.5,212.5,22.0,266.0,210.5,21.0,261.0,173.5,30.0,257.0,131.0,30.0,253.5,85.5,34.0,248.422,31.773,36.0,5
259.0,167.5,29.0,258.5,135.0,29.0,261.0,107.0,32.0,265.7,89.066,37.0,273.521,89.173,46.0,301.5,162.5,104.0,377.5,315.0,176.0,5
256.0,188.5,24.0,247.163,150.718,30.0,233.5,116.0,31.0,216.965,81.596,32.0,190.87,54.17,37.0,145.732,40.473,48.0,78.5,44.0,51.0,1
255.5,197.0,24.0,255.703,174.297,28.0,262.0,165.0,30.0,271.0,168.5,37.0,293.0,193.0,54.0,325.0,288.0,107.0,367.5,410.0,84.0,4
258.769,222.231,23.0,255.0,209.0,26.0,247.258,191.261,27.0,242.5,187.5,31.0,234.737,206.737,42.0,219.0,285.5,82.0,216.5,395.5,78.0,3
261.0,218.5,23.0,258.0,201.5,27.0,255.648,174.833,29.0,253.5,158.5,32.0,255.184,155.179,39.0,262.5,184.0,63.0,248.487,323.391,158.0,4
255.0,209.946,24.0,246.5,178.5,29.0,232.253,155.253,30.0,214.0,138.0,34.0,183.006,133.987,42.0,126.0,156.0,60.0,38.123,271.123,58.0,1
246.0,179.5,29.0,244.0,149.783,29.0,239.064,127.126,32.0,235.0,116.057,37.0,228.998,123.277,48.0,209.404,213.177,117.0,219.5,368.5,124.0,5
239.739,179.739,25.0,228.0,150.5,30.0,213.5,123.5,32.0,192.582,100.978,37.0,154.5,92.194,46.0,89.0,112.0,63.0,6.5,228.0,16.0,1
252.0,190.5,26.0,249.337,160.276,28.0,251.113,139.596,30.0,255.5,130.0,36.0,269.5,143.0,54.0,300.87,220.358,115.0,345.246,360.037,141.0,4
272.0,156.5,29.0,267.889,125.426,30.0,262.76,99.0,34.0,257.5,84.631,40.0,249.189,92.312,53.0,240.544,216.481,148.0,225.004,371.076,114.0,5
266.0,193.5,23.0,258.0,165.5,27.0,251.0,144.5,28.0,240.5,136.0,31.0,227.136,140.391,38.0,206.331,179.722,59.0,176.832,303.468,92.0,3
270.222,179.0,28.0,275.0,153.654,31.0,277.5,132.0,34.0,286.784,124.216,38.0,306.5,147.5,61.0,355.5,241.0,129.0,399.0,384.0,106.0,4
286.0,174.0,32.0,296.0,145.0,34.0,309.0,115.0,37.0,334.0,97.5,43.0,376.0,97.0,57.0,468.5,152.0,103.0,601.943,312.5,75.0,2
265.5,212.5,23.0,262.0,205.5,25.0,249.0,175.0,29.0,235.0,146.5,32.0,215.169,118.984,35.0,179.534,100.267,43.0,110.5,99.0,56.0,1
271.0,205.0,26.0,272.0,185.0,29.0,277.0,177.0,31.0,285.5,181.0,37.0,302.476,220.458,62.0,312.062,320.148,107.0,352.0,444.5,47.0,4
271.0,185.0,29.0,271.14,157.601,29.0,271.669,140.685,31.0,275.802,138.385,36.0,286.074,166.647,56.0,305.728,269.474,117.0,322.0,412.0,69.0,4
261.0,193.0,28.0,265.0,163.0,30.0,272.0,140.0,33.0,290.0,128.0,39.0,319.048,134.262,55.0,420.5,211.0,141.0,542.0,350.5,99.0,2
264.0,160.5,28.0,257.5,128.0,30.0,245.0,98.5,32.0,230.049,73.404,36.0,205.68,62.51,46.0,164.914,73.672,63.0,43.091,272.728,63.0,1
269.0,213.5,21.0,263.192,191.5,26.0,263.709,183.5,28.0,268.316,189.684,34.0,283.5,230.0,58.0,297.658,327.802,96.0,306.5,460.5,19.0,4
271.0,220.0,24.0,267.5,212.5,25.0,259.0,186.0,28.0,251.5,175.5,30.0,239.068,179.824,37.0,221.932,221.87,59.0,198.0,319.5,95.0,3
279.0,180.413,25.0,273.0,150.0,30.0,268.223,118.538,31.0,262.643,94.987,35.0,254.752,83.19,42.0,237.249,98.143,60.0,211.386,240.565,157.0,5
282.0,215.0,21.0,277.0,196.5,28.0,265.0,164.0,31.0,249.0,140.5,33.0,228.5,122.5,39.0,187.548,121.304,51.0,110.5,154.5,73.0,1
272.0,166.929,28.0,274.535,133.376,33.0,283.354,102.675,35.0,294.5,73.0,42.0,316.945,52.063,54.0,368.83,57.928,87.0,503.406,225.372,204.0,2
260.0,185.5,27.0,256.5,154.549,28.0,255.107,131.875,30.0,253.127,119.574,35.0,251.7,127.349,46.0,236.0,208.0,108.0,251.5,362.0,135.0,5
275.0,223.0,18.0,268.0,202.0,25.0,266.0,183.367,30.0,261.0,174.0,34.0,255.432,180.454,41.0,238.28,229.929,78.0,239.0,363.61,126.0,3
274.5,199.5,26.0,271.732,166.082,28.0,274.0,137.0,32.0,280.0,112.5,36.0,292.5,101.0,43.0,317.857,124.193,71.0,458.755,250.202,217.0,5
266.0,217.482,19.0,259.0,188.0,29.0,251.5,165.0,29.0,244.758,145.758,32.0,231.525,141.633,38.0,210.5,156.18,56.0,169.5,272.5,128.0,3
279.0,201.0,20.0,260.5,161.5,29.0,253.849,133.479,30.0,243.018,111.147,35.0,228.0,101.5,44.0,200.196,116.451,67.0,113.672,258.712,161.0,5
277.5,205.5,20.0,267.5,190.0,27.0,255.5,156.5,29.0,237.0,131.5,31.0,211.0,109.0,36.0,168.0,96.0,45.0,91.5,103.0,47.0,1
268.746,200.746,20.0,263.5,173.5,29.0,265.853,148.147,30.0,276.745,132.349,34.0,296.2,142.598,48.0,336.158,188.516,89.0,410.018,316.849,141.0,2
266.5,214.5,19.0,257.0,188.0,29.0,252.5,167.122,27.0,249.5,162.0,30.0,245.148,171.723,39.0,232.0,238.5,85.0,233.691,369.417,118.0,3
283.0,218.5,20.0,275.793,215.748,23.0,280.896,194.045,27.0,290.812,189.591,29.0,304.0,203.5,40.0,326.0,243.0,62.0,368.0,365.5,126.0,4
269.0,212.5,20.0,259.0,193.0,28.0,248.5,179.5,29.0,236.5,180.0,34.0,215.672,197.762,45.0,184.5,285.5,88.0,101.0,402.5,19.0,3
268.5,199.0,21.0,266.0,191.5,23.0,257.5,155.0,31.0,242.5,127.0,30.0,229.0,97.5,35.0,204.162,71.475,42.0,148.718,56.322,57.0,1
262.0,173.5,29.0,261.257,147.0,29.0,261.0,123.5,33.0,261.711,111.667,39.0,266.062,123.807,53.0,300.089,251.936,162.0,294.5,388.386,121.0,5
258.867,180.5,30.0,262.78,146.626,31.0,266.833,113.833,34.0,284.5,89.5,40.0,310.849,70.726,53.0,373.707,67.293,82.0,587.019,293.156,71.0,2
265.245,219.245,19.0,253.5,191.0,28.0,246.0,173.5,29.0,238.0,163.5,33.0,222.5,168.5,41.0,200.367,229.732,78.0,167.0,321.0,88.0,3
259.5,219.5,21.0,255.0,195.607,26.0,258.401,182.067,29.0,264.5,186.0,34.0,280.0,211.0,51.0,307.483,284.138,85.0,343.0,407.5,83.0,4
268.033,198.033,21.0,268.0,206.0,19.0,250.5,169.5,30.0,235.283,145.283,29.0,215.5,122.5,34.0,181.714,111.5,40.0,119.0,123.0,57.0,1
268.0,206.0,19.0,261.793,200.748,23.0,260.0,177.0,27.0,262.227,165.807,31.0,268.5,169.5,37.0,288.5,210.5,69.0,328.073,344.005,148.0,4
250.0,183.5,21.0,252.099,161.186,28.0,259.241,135.759,30.0,273.0,114.5,35.0,298.473,105.829,42.0,346.0,127.5,71.0,496.0,257.0,190.0,2
246.5,160.0,27.0,242.873,132.722,27.0,238.194,109.734,30.0,233.5,95.33,35.0,226.736,95.461,43.0,212.293,139.71,74.0,211.997,295.463,119.0,5
266.0,205.0,18.0,253.5,180.0,25.0,248.371,161.224,27.0,242.788,153.085,29.0,236.755,157.855,35.0,230.676,192.764,52.0,234.755,307.733,102.0,3
260.0,142.5,29.0,259.0,110.952,30.0,259.437,83.834,34.0,261.671,66.331,42.0,267.138,65.36,55.0,298.171,222.624,195.0,330.351,341.202,126.0,5
255.5,195.5,26.0,253.727,175.273,26.0,256.13,166.87,29.0,261.0,170.0,35.0,275.28,199.136,54.0,277.0,292.5,96.0,297.211,420.093,63.0,4
258.0,198.5,24.0,247.0,166.0,29.0,235.0,135.5,31.0,220.5,110.5,32.0,198.5,83.5,38.0,152.325,68.418,49.0,76.5,72.5,46.0,1
260.509,174.326,27.0,256.529,144.0,31.0,255.5,117.0,34.0,255.057,94.512,42.0,255.059,87.251,56.0,269.5,261.0,218.0,294.0,351.0,93.0,5
263.0,185.0,26.0,269.488,158.512,30.0,289.327,134.791,33.0,315.5,114.5,40.0,365.5,113.0,54.0,450.0,141.5,75.0,630.0,261.5,17.0,2
246.5,187.0,24.0,236.5,151.0,27.0,226.747,119.747,25.0,212.001,86.023,29.0,191.375,60.625,34.0,157.077,44.66,43.0,90.5,36.5,56.0,1
259.0,199.0,23.0,247.5,171.5,27.0,240.778,153.778,27.0,230.798,145.949,32.0,218.092,147.608,39.0,194.691,188.495,63.0,169.0,310.0,84.0,3
247.0,185.0,27.0,244.0,153.889,28.0,247.5,127.5,31.0,249.991,98.91,35.0,259.77,84.23,43.0,284.01,91.422,62.0,422.437,239.695,230.0,5
243.0,179.581,26.0,244.0,157.0,29.0,246.5,138.5,31.0,251.05,133.5,35.0,264.424,154.767,55.0,314.0,243.5,124.0,340.5,386.139,110.0,4
253.5,178.5,28.0,243.5,153.0,28.0,230.5,127.5,29.0,210.376,109.738,34.0,179.215,102.866,41.0,118.5,114.5,59.0,8.5,230.0,16.0,1
265.0,238.0,18.0,252.5,205.0,25.0,243.567,196.963,25.0,235.5,198.0,28.0,220.0,213.5,35.0,191.5,268.5,60.0,171.5,334.5,47.0,3
253.0,176.5,28.0,247.5,143.5,27.0,240.0,116.5,27.0,224.778,84.778,27.0,206.16,56.84,33.0,174.734,34.616,42.0,113.904,22.91,55.0,1
238.577,157.269,26.0,233.24,136.798,26.0,228.265,120.265,28.0,221.415,115.5,32.0,211.0,126.5,42.0,199.0,199.5,82.0,190.023,322.22,91.0,3
247.5,181.0,26.0,247.118,160.1,26.0,247.5,144.85,27.0,247.742,138.226,30.0,249.075,145.935,35.0,260.128,187.716,60.0,250.0,329.811,130.0,4
255.0,178.5,25.0,257.4,167.5,25.0,263.0,163.895,28.0,272.783,172.783,35.0,287.5,218.5,59.0,332.573,309.825,101.0,362.0,447.0,37.0,4
255.0,178.0,23.0,253.0,159.369,26.0,253.194,140.607,27.0,255.909,129.091,31.0,260.893,131.5,35.0,284.0,164.0,63.0,330.0,322.0,167.0,4
246.0,180.0,27.0,238.367,161.123,26.0,231.075,147.023,28.0,219.673,144.5,31.0,202.0,160.5,42.0,179.5,236.5,76.0,150.5,338.5,63.0,3
261.0,149.0,28.0,270.5,126.0,28.0,285.0,107.5,32.0,307.784,103.5,37.0,347.435,119.129,53.0,417.5,211.5,110.0,536.5,324.5,86.0,2
263.5,198.0,20.0,256.0,185.693,25.0,261.753,162.247,30.0,277.636,145.098,35.0,309.0,138.5,44.0,372.0,158.5,74.0,512.0,270.5,159.0,2
246.5,194.5,19.0,236.5,164.295,26.0,239.5,137.37,28.0,250.0,115.0,33.0,266.369,98.587,41.0,310.5,107.5,65.0,473.0,223.5,208.0,2
255.0,221.0,19.0,240.0,204.081,27.0,230.684,187.52,28.0,219.0,180.73,33.0,200.0,192.0,46.0,179.0,276.5,92.0,133.0,366.0,18.0,3
246.5,163.5,28.0,252.0,137.5,28.0,257.769,109.231,32.0,270.233,91.114,39.0,294.981,85.264,53.0,362.812,126.046,105.0,503.0,275.0,168.0,2
266.752,157.842,29.0,266.0,132.5,31.0,268.438,110.706,36.0,273.976,100.345,48.0,294.0,163.0,112.0,359.872,298.677,214.0,287.5,472.5,19.0,5
242.663,169.724,28.0,242.0,139.0,30.0,246.0,111.5,35.0,250.428,94.566,41.0,264.059,97.5,55.0,327.5,222.0,175.0,374.544,355.673,154.0,5
241.0,193.648,26.0,237.807,166.355,28.0,234.0,145.978,31.0,229.923,134.431,36.0,221.0,139.5,47.0,211.704,216.8,106.0,216.5,361.359,122.0,5
250.0,204.5,21.0,248.5,212.5,19.0,238.5,192.5,26.0,224.5,165.5,29.0,201.5,150.0,31.0,168.073,139.117,36.0,108.306,146.597,48.0,1
254.0,197.5,26.0,256.0,175.0,26.0,259.5,158.5,29.0,269.938,154.355,31.0,289.0,164.5,44.0,320.0,214.5,74.0,370.0,331.5,119.0,4
248.5,167.221,26.0,248.0,139.5,28.0,248.465,112.535,30.0,249.0,95.0,34.0,253.793,92.805,41.0,274.708,130.475,72.0,325.5,299.5,190.0,4
234.0,215.0,18.0,224.0,198.0,27.0,210.194,169.823,26.0,190.571,154.5,29.0,165.923,145.724,33.0,123.5,154.0,44.0,22.0,268.0,44.0,1
250.0,194.0,26.0,241.0,162.5,27.0,228.0,134.5,27.0,215.5,107.0,30.0,194.233,85.538,38.0,157.5,81.515,50.0,92.0,95.5,58.0,1
244.868,143.796,26.0,246.0,115.5,29.0,248.0,91.5,33.0,253.481,83.482,39.0,269.022,94.777,53.0,339.719,223.503,164.0,378.5,357.5,68.0,5
248.059,197.059,23.0,235.0,179.5,26.0,224.0,159.5,26.0,208.5,147.5,29.0,187.0,148.0,35.0,149.0,172.0,49.0,50.0,315.0,78.0,1
239.5,201.5,20.0,239.5,206.5,19.0,235.5,165.5,29.0,251.0,138.5,30.0,273.84,108.828,39.0,316.0,80.5,52.0,394.5,73.0,64.0,2
218.254,180.746,21.0,201.895,185.895,23.0,211.729,165.271,29.0,227.988,148.384,34.0,255.294,147.897,44.0,321.953,175.802,81.0,480.5,274.0,161.0,2
218.0,168.5,25.0,213.5,136.5,27.0,209.968,108.558,29.0,207.5,85.5,35.0,208.471,73.402,44.0,215.053,95.484,67.0,296.59,287.523,221.0,5
235.0,145.0,26.0,237.236,116.755,28.0,247.191,100.27,31.0,262.403,94.224,37.0,296.0,111.0,57.0,371.0,232.0,143.0,468.385,336.285,69.0,4
241.0,190.5,20.0,241.0,197.5,20.0,223.333,171.604,25.0,212.5,162.5,27.0,200.0,165.0,31.0,182.034,186.966,41.0,164.5,265.5,63.0,3
227.0,204.5,19.0,221.5,185.5,25.0,213.807,169.491,25.0,203.523,162.038,28.0,189.08,169.92,35.0,171.294,221.712,52.0,151.5,314.0,77.0,3
234.0,188.0,21.0,233.0,201.0,18.0,206.5,170.0,24.0,191.0,146.5,25.0,164.0,124.5,28.0,122.899,108.879,33.0,62.5,106.0,26.0,1
244.5,186.0,20.0,244.0,195.5,20.0,221.0,164.5,25.0,203.0,133.5,25.0,179.0,101.5,27.0,141.5,68.5,29.0,87.5,40.5,21.0,1
235.0,205.5,20.0,228.0,201.5,19.0,219.0,175.0,27.0,203.0,151.5,27.0,180.099,133.658,28.0,150.335,123.304,33.0,98.0,128.0,43.0,1
267.0,172.0,23.0,260.0,184.0,18.0,240.5,163.5,29.0,253.5,134.0,30.0,276.5,107.0,34.0,312.0,87.0,45.0,375.5,77.0,59.0,2
228.903,85.805,25.0,225.767,50.662,28.0,222.399,16.179,32.0,222.0,6.5,29.0,224.0,7.0,31.0,350.775,314.975,331.0,331.327,391.312,73.0,5
248.5,189.0,26.0,244.794,164.5,26.0,237.395,145.705,27.0,228.956,134.767,30.0,216.886,133.989,36.0,196.544,159.714,50.0,163.0,284.5,112.0,3
252.524,170.145,26.0,250.934,147.551,27.0,250.5,131.5,30.0,252.322,127.643,35.0,263.669,144.5,48.0,296.134,239.201,112.0,329.83,392.383,107.0,4
242.5,227.0,19.0,233.5,207.0,26.0,231.727,199.273,26.0,235.0,204.0,31.0,246.0,238.0,51.0,261.482,321.923,85.0,285.0,440.5,28.0,4
251.0,231.5,18.0,238.0,211.5,29.0,225.0,177.0,29.0,208.0,146.0,26.0,183.0,114.0,25.0,151.0,75.5,30.0,97.5,43.5,36.0,1
243.5,213.0,22.0,243.0,216.5,20.0,224.541,186.541,26.0,216.217,180.226,27.0,207.5,184.5,32.0,193.0,213.5,45.0,160.0,311.0,84.0,3
248.5,218.5,19.0,234.0,195.5,29.0,229.0,172.0,26.0,226.179,160.212,29.0,222.0,161.459,34.0,220.538,191.622,50.0,228.0,315.5,116.0,3
238.0,202.0,19.0,228.239,178.82,25.0,231.5,167.716,27.0,237.714,168.286,33.0,255.5,186.0,47.0,282.529,246.872,75.0,328.0,376.0,112.0,4
237.5,216.5,28.0,226.5,184.0,28.0,212.013,161.013,26.0,195.0,140.0,30.0,170.906,124.354,35.0,128.0,130.5,43.0,60.0,161.0,32.0,1
251.0,206.5,18.0,244.0,178.5,25.0,256.5,152.5,30.0,278.0,127.5,32.0,307.0,102.0,39.0,359.0,89.0,48.0,432.0,93.5,55.0,2
228.5,190.5,26.0,222.0,172.0,26.0,215.983,161.662,28.0,209.5,160.0,31.0,195.233,175.701,42.0,184.5,263.0,80.0,167.945,360.355,54.0,3
248.0,216.0,19.0,225.874,170.733,27.0,218.0,143.0,27.0,207.0,120.5,30.0,188.732,108.463,37.0,164.694,110.865,49.0,111.0,154.5,69.0,1
235.5,191.5,20.0,235.5,174.0,26.0,242.5,160.5,27.0,251.0,155.0,31.0,266.236,167.236,42.0,293.0,218.5,71.0,326.5,355.0,125.0,4
254.0,213.5,19.0,247.5,183.0,26.0,241.422,160.177,29.0,234.889,139.0,32.0,224.088,128.088,40.0,206.284,137.43,56.0,176.345,271.389,156.0,5
246.0,198.0,21.0,238.0,173.0,27.0,229.0,155.0,27.0,217.772,144.525,30.0,204.001,142.428,36.0,171.0,165.5,54.0,139.5,258.0,58.0,3
258.0,215.0,18.0,237.0,155.0,27.0,225.5,122.0,27.0,207.0,87.5,28.0,182.966,52.966,31.0,139.5,20.5,40.0,65.5,7.0,19.0,1
227.0,215.0,18.0,220.0,169.0,26.0,217.672,129.938,25.0,219.0,89.943,23.0,216.513,50.971,25.0,214.5,15.5,28.0,390.884,215.987,288.0,5
238.103,167.59,25.0,242.18,151.82,26.0,248.339,144.891,29.0,259.0,153.0,38.0,271.0,191.5,56.0,330.0,296.5,111.0,356.0,434.854,54.0,4
268.975,179.287,28.0,272.25,149.5,28.0,271.198,121.47,31.0,276.059,101.147,35.0,283.0,94.0,44.0,293.509,126.187,74.0,338.0,286.0,199.0,5
250.0,198.0,21.0,239.0,189.5,26.0,229.0,156.0,29.0,214.5,127.0,29.0,193.524,100.642,33.0,160.855,78.657,40.0,100.341,61.826,50.0,1
240.0,192.5,20.0,238.0,161.5,27.0,245.5,134.5,29.0,259.0,113.5,34.0,282.092,93.427,44.0,334.5,90.0,68.0,416.5,136.5,83.0,2
235.0,191.5,25.0,226.486,173.486,26.0,215.5,159.0,26.0,201.736,151.955,29.0,184.5,158.0,35.0,153.0,192.5,51.0,86.5,363.5,30.0,3
216.0,175.5,18.0,206.5,149.5,25.0,193.843,118.166,26.0,175.274,88.249,28.0,150.003,62.008,36.0,107.174,43.889,48.0,28.5,26.5,23.0,1
223.0,189.0,25.0,217.0,170.0,25.0,211.459,156.104,27.0,205.668,152.022,30.0,197.0,164.0,38.0,185.743,230.091,75.0,169.023,330.213,72.0,3
225.5,190.5,19.0,211.129,178.0,24.0,215.077,170.008,28.0,223.773,170.918,34.0,242.223,192.223,48.0,269.356,271.593,89.0,311.5,402.0,86.0,4
250.0,199.0,18.0,243.0,168.5,28.0,234.844,135.5,28.0,224.304,103.823,29.0,210.257,71.597,34.0,183.669,43.971,42.0,134.713,26.943,54.0,1
227.0,186.5,26.0,223.959,155.303,28.0,222.0,129.0,29.0,220.956,106.366,35.0,226.793,95.0,45.0,236.0,119.0,74.0,311.74,280.352,218.0,5
230.0,199.0,18.0,229.0,171.5,27.0,239.913,150.484,29.0,255.31,133.289,34.0,287.0,127.284,45.0,355.5,147.5,79.0,504.0,265.0,166.0,2
225.5,179.5,25.0,225.667,148.112,27.0,231.5,121.5,30.0,242.045,100.555,35.0,264.499,89.876,44.0,313.5,108.0,75.0,470.5,242.0,203.0,2
233.5,190.094,21.0,224.5,196.0,20.0,211.0,169.0,26.0,196.24,149.24,25.0,177.5,133.5,29.0,145.5,127.585,35.0,90.5,139.0,45.0,1
227.554,210.0,20.0,220.0,179.0,27.0,208.947,150.053,26.0,195.0,122.739,30.0,175.891,98.322,36.0,143.152,85.771,46.0,85.105,95.244,60.0,1
235.0,211.5,20.0,227.765,172.134,26.0,232.218,159.786,28.0,243.182,159.678,34.0,266.0,180.0,53.0,320.5,262.0,110.0,349.0,391.5,92.0,4
234.0,193.0,19.0,228.0,164.0,25.0,228.5,144.429,27.0,232.0,135.0,31.0,236.5,140.5,37.0,263.5,192.0,75.0,307.0,334.5,151.0,4
228.5,165.0,25.0,220.5,139.0,27.0,203.0,115.0,26.0,184.612,96.062,30.0,159.451,88.324,37.0,117.299,97.231,48.0,6.5,244.0,16.0,1
222.0,179.0,20.0,225.0,156.5,28.0,237.0,133.0,29.0,257.279,116.166,35.0,301.868,112.337,49.0,385.754,144.377,88.0,571.791,271.5,82.0,2
239.246,186.754,20.0,238.5,193.0,19.0,214.5,168.5,23.0,201.24,143.24,27.0,183.741,116.741,27.0,154.0,94.0,33.0,109.943,69.597,40.0,1
241.0,200.0,20.0,233.0,183.25,25.0,236.632,166.5,27.0,244.286,159.255,31.0,256.62,160.895,38.0,278.135,202.607,63.0,330.096,321.195,132.0,4
232.0,163.0,28.0,232.0,130.141,28.0,235.0,99.5,32.0,242.897,70.141,38.0,264.324,53.167,53.0,323.509,52.152,92.0,494.986,233.263,192.0,5
248.0,174.5,25.0,248.855,149.714,29.0,253.242,121.758,32.0,269.5,104.0,40.0,297.963,98.0,52.0,388.5,185.0,145.0,570.531,288.5,94.0,2
244.5,185.5,19.0,241.5,188.5,21.0,217.5,168.5,26.0,202.785,142.166,26.0,185.822,111.822,30.0,158.875,87.695,36.0,113.11,79.158,48.0,1
262.5,171.5,26.0,259.694,151.109,27.0,258.525,140.295,29.0,260.625,139.5,34.0,270.258,161.704,50.0,272.283,270.168,110.0,303.0,416.5,81.0,4
248.5,192.0,23.0,242.254,173.707,26.0,236.174,157.291,27.0,229.0,150.0,30.0,217.332,156.668,37.0,198.285,193.737,56.0,171.0,309.5,86.0,3
260.0,179.0,22.0,265.127,161.582,28.0,282.19,144.81,30.0,306.301,141.141,36.0,348.5,148.5,52.0,416.011,217.011,93.0,554.0,308.0,93.0,2
272.5,201.0,18.0,256.0,169.0,23.0,246.5,143.0,27.0,230.71,115.853,27.0,208.236,94.236,30.0,178.122,78.389,35.0,125.044,78.785,45.0,1
271.0,204.0,19.0,265.0,173.0,23.0,268.5,143.0,30.0,278.5,108.5,32.0,292.5,75.5,35.0,322.434,45.058,42.0,374.331,25.163,52.0,2
273.5,204.5,19.0,261.0,184.5,26.0,253.39,168.578,26.0,245.121,161.328,29.0,233.939,162.828,35.0,219.0,196.0,51.0,185.07,301.479,94.0,3
273.0,176.0,25.0,275.5,155.5,29.0,282.242,136.758,31.0,296.531,132.984,36.0,317.481,147.649,51.0,366.5,251.5,128.0,423.0,365.0,88.0,4
270.5,195.0,20.0,265.0,172.5,26.0,261.602,155.492,27.0,258.17,148.919,29.0,253.082,155.082,36.0,247.107,192.385,55.0,241.5,338.5,126.0,3
261.5,175.5,26.0,259.5,153.348,28.0,259.516,136.868,31.0,261.482,132.499,36.0,275.5,154.0,53.0,288.0,279.5,138.0,315.5,428.5,58.0,4
269.975,176.184,24.0,269.421,164.5,26.0,271.5,161.402,28.0,278.5,170.5,34.0,293.5,216.0,57.0,316.5,313.5,98.0,341.5,447.0,53.0,4
270.0,194.5,18.0,258.0,163.0,26.0,244.266,142.266,27.0,225.067,126.425,29.0,201.0,118.0,32.0,162.22,126.354,43.0,107.0,164.329,26.0,1
262.5,163.5,25.0,263.0,144.5,27.0,268.5,131.5,30.0,278.32,129.721,35.0,303.988,154.988,58.0,372.563,264.203,140.0,502.5,455.0,37.0,4
272.0,173.5,28.0,265.269,148.731,27.0,255.786,130.932,29.0,242.0,122.5,34.0,221.429,127.515,44.0,183.0,179.5,75.0,182.5,291.5,33.0,3
297.5,199.0,19.0,283.476,172.145,26.0,278.5,147.5,28.0,274.308,128.556,31.0,268.5,118.868,37.0,259.674,129.247,52.0,265.542,276.128,167.0,5
287.5,207.0,20.0,275.703,170.0,27.0,275.517,148.173,28.0,275.533,133.693,33.0,276.015,127.5,41.0,297.006,169.191,78.0,346.0,325.0,178.0,5
270.0,163.5,27.0,268.89,135.819,29.0,265.182,111.0,32.0,262.69,97.346,39.0,258.3,105.066,52.0,278.5,241.5,168.0,283.5,389.5,67.0,5
283.5,193.5,19.0,265.5,174.0,20.0,257.0,164.5,25.0,247.42,160.0,28.0,234.5,166.0,35.0,213.0,206.0,52.0,178.5,313.5,86.0,3
274.0,159.5,24.0,277.5,137.0,27.0,285.0,115.33,29.0,300.0,100.5,35.0,327.647,98.269,44.0,387.79,130.527,80.0,526.0,264.5,144.0,2
279.5,194.5,21.0,272.5,165.189,26.0,274.0,133.5,28.0,284.0,97.5,28.0,299.0,63.0,32.0,326.0,32.5,40.0,374.5,13.469,43.0,2
268.241,156.227,26.0,269.322,132.242,27.0,272.5,116.0,30.0,279.139,110.066,35.0,292.5,129.5,51.0,344.0,219.5,121.0,381.5,372.0,117.0,4
279.5,185.0,19.0,256.0,164.0,24.0,244.5,142.5,28.0,228.0,121.5,28.0,202.677,104.332,33.0,160.361,100.875,40.0,88.01,128.99,35.0,1
283.0,189.0,19.0,268.775,164.761,25.0,265.158,152.833,26.0,263.0,149.0,29.0,259.227,158.773,35.0,263.163,210.371,57.0,263.597,354.105,116.0,3
259.5,165.0,24.0,259.184,141.856,26.0,258.5,119.5,28.0,261.0,99.5,34.0,264.0,92.5,42.0,282.5,150.0,89.0,339.0,311.0,191.0,5
277.0,181.0,22.0,266.0,154.352,26.0,275.0,124.0,30.0,288.748,93.602,32.0,314.141,66.988,40.0,362.0,41.0,52.0,434.5,37.5,34.0,2
269.0,179.5,22.0,270.0,195.0,18.0,261.0,155.0,28.0,272.0,120.5,29.0,288.5,87.0,32.0,318.5,53.5,41.0,375.0,25.5,49.0,2
260.0,191.5,19.0,256.0,161.5,29.0,267.0,126.5,30.0,282.113,93.984,34.0,310.735,59.265,42.0,360.5,31.5,52.0,427.0,15.5,33.0,2
254.5,168.5,28.0,263.0,143.5,27.0,281.0,122.5,32.0,305.5,113.0,38.0,346.978,115.489,50.0,433.5,165.5,91.0,564.0,314.5,92.0,2
255.5,188.0,25.0,262.0,159.5,28.0,277.5,139.0,28.0,298.5,122.0,35.0,340.0,117.0,46.0,408.0,144.5,71.0,566.0,291.0,89.0,2
247.5,164.0,28.0,251.0,133.5,28.0,256.45,102.787,30.0,269.409,81.591,35.0,289.955,73.552,44.0,334.5,95.5,75.0,480.0,245.5,199.0,2
270.0,202.5,18.0,262.0,158.5,25.0,271.0,122.5,28.0,285.5,90.5,30.0,308.268,60.732,33.0,347.5,36.5,42.0,411.5,21.5,47.0,2
269.5,198.5,19.0,255.5,168.5,26.0,248.302,154.57,26.0,240.403,149.038,29.0,226.388,156.0,36.0,205.5,193.0,55.0,164.5,305.0,87.0,3
253.5,188.5,23.0,242.0,159.0,25.0,235.0,146.0,25.0,227.336,141.983,28.0,215.5,147.5,34.0,198.423,186.038,46.0,173.5,300.5,85.0,3
247.5,168.5,21.0,239.0,152.5,26.0,230.906,138.109,27.0,216.731,131.962,30.0,197.0,139.0,38.0,169.562,187.18,57.0,162.5,277.0,36.0,3
254.0,162.5,25.0,256.0,136.5,27.0,265.463,116.537,29.0,275.633,102.203,32.0,298.0,102.5,42.0,351.5,137.5,76.0,457.5,263.0,148.0,2
242.0,159.0,26.0,249.5,134.5,27.0,261.223,111.777,29.0,280.0,98.0,35.0,311.0,91.0,46.0,368.786,127.237,77.0,534.0,264.5,139.0,2
263.5,184.5,20.0,254.0,159.0,26.0,259.0,128.5,26.0,268.315,98.685,28.0,285.0,72.0,35.0,315.0,47.5,45.0,376.72,46.947,60.0,2
247.0,146.5,26.0,239.0,128.5,25.0,233.201,116.736,28.0,225.782,116.506,30.0,213.686,138.176,41.0,201.431,222.136,76.0,181.866,320.229,70.0,3
262.341,153.746,26.0,261.5,121.0,28.0,260.917,91.335,29.0,263.594,59.733,35.0,270.641,33.194,46.0,284.5,20.875,64.0,327.188,194.876,222.0,5
252.0,130.0,27.0,242.0,104.0,26.0,231.902,84.02,28.0,217.846,72.128,33.0,196.32,79.892,42.0,149.0,136.5,69.0,70.5,277.5,24.0,3
254.5,130.5,25.0,249.5,97.616,26.0,244.399,68.14,29.0,237.273,47.727,34.0,229.5,41.0,42.0,212.495,64.435,57.0,187.5,234.5,160.0,3
254.5,185.5,23.0,246.5,164.0,25.0,240.559,150.951,25.0,235.0,148.208,28.0,226.0,158.5,35.0,220.5,203.5,48.0,197.5,301.5,80.0,3
246.758,155.128,25.0,238.93,128.564,26.0,229.657,107.758,29.0,220.0,94.0,34.0,204.332,97.348,41.0,174.535,144.987,67.0,159.0,305.0,83.0,3
255.5,181.0,26.0,249.0,155.0,26.0,241.238,139.5,28.0,231.5,133.827,32.0,217.367,141.367,40.0,190.0,206.0,77.0,157.5,306.0,78.0,3
256.5,161.5,24.0,255.0,137.0,26.0,252.0,112.5,29.0,249.96,93.5,35.0,246.728,86.188,43.0,252.407,128.68,79.0,271.0,300.0,186.0,5
255.0,150.5,26.0,249.601,123.381,25.0,243.477,95.038,28.0,234.5,72.936,34.0,222.11,64.249,45.0,196.034,95.378,73.0,173.81,263.023,125.0,5
252.0,132.28,26.0,248.496,97.421,26.0,244.263,67.5,29.0,240.0,39.925,36.0,236.373,25.468,46.0,228.537,31.454,69.0,247.903,245.421,228.0,5
249.5,130.5,25.0,246.5,96.528,24.0,243.935,57.196,26.0,240.0,27.0,33.0,239.5,13.318,38.0,247.0,9.0,54.0,367.492,214.436,272.0,5
218.5,139.0,20.0,208.5,117.0,26.0,213.878,104.0,28.0,219.5,103.0,33.0,229.47,119.336,42.0,249.022,202.549,84.0,294.5,359.0,131.0,4
211.5,124.0,20.0,212.0,144.5,20.0,181.297,113.726,26.0,167.406,111.163,29.0,141.091,123.527,35.0,81.0,199.5,68.0,42.5,310.5,81.0,3
203.5,112.0,25.0,198.0,80.0,25.0,195.317,46.335,26.0,192.0,18.5,31.0,192.0,9.5,36.0,190.0,7.5,49.0,278.349,244.139,300.0,5
207.0,133.5,24.0,207.5,133.0,23.0,207.0,144.0,21.0,188.0,114.0,24.0,173.0,87.0,24.0,147.734,60.54,24.0,108.5,33.0,28.0,1
198.0,99.0,19.0,199.0,78.947,26.0,206.687,61.142,28.0,214.5,55.5,33.0,231.058,77.869,46.0,265.619,154.711,87.0,303.5,337.0,148.0,4
205.0,95.0,25.0,203.793,64.932,24.0,204.0,35.697,28.0,202.839,20.5,35.0,209.5,16.15,43.0,235.0,97.5,107.0,303.0,286.182,198.0,5
242.338,101.0,28.0,239.415,77.576,26.0,233.5,58.0,29.0,225.5,49.5,35.0,210.313,56.715,45.0,176.965,161.842,108.0,126.7,294.489,105.0,3
234.5,76.0,25.0,232.0,43.5,23.0,225.0,16.0,26.0,219.0,8.5,24.0,219.0,8.595,22.0,196.5,17.257,49.0,183.627,221.965,189.0,3
247.968,135.0,21.0,237.0,102.0,26.0,242.5,69.0,25.0,254.0,34.291,27.0,273.5,11.46,28.0,308.5,8.35,19.0,379.0,8.5,36.0,2
252.5,135.0,20.0,241.308,91.758,28.0,252.686,65.351,27.0,268.625,42.625,33.0,301.859,35.736,41.0,356.5,67.0,64.0,524.5,205.0,146.0,2
250.5,139.0,21.0,230.5,95.0,26.0,228.922,79.929,28.0,229.216,75.731,31.0,230.992,91.4,38.0,236.108,166.036,77.0,272.0,340.5,144.0,4
256.203,154.64,29.0,254.5,129.585,29.0,255.0,107.023,29.0,257.926,91.78,32.0,262.805,92.205,37.0,281.5,128.5,65.0,330.0,302.0,190.0,4
240.5,103.0,28.0,233.5,75.5,28.0,223.5,55.5,32.0,211.951,49.335,39.0,195.009,63.826,50.0,126.5,204.0,149.0,81.504,360.572,58.0,3
241.0,143.0,31.0,243.0,119.0,29.0,245.56,98.0,30.0,251.5,91.5,33.0,263.778,98.327,41.0,290.279,162.421,83.0,348.5,329.5,159.0,4
256.0,173.0,20.0,260.5,182.0,20.0,252.5,167.5,25.0,253.0,135.5,34.0,253.5,94.0,30.0,259.5,54.5,21.0,268.5,15.5,24.0,2
220.983,103.57,23.0,225.5,76.314,27.0,237.045,49.702,28.0,253.927,31.419,33.0,283.87,25.065,44.0,354.408,66.215,87.0,512.5,220.0,149.0,2
246.0,127.03,22.0,218.5,93.5,21.0,210.0,69.5,22.0,194.5,43.5,21.0,180.5,18.449,28.0,154.5,9.5,28.0,104.0,19.233,39.0,1
216.0,68.0,24.0,208.0,45.5,26.0,198.334,32.961,30.0,184.56,34.867,35.0,158.236,66.456,43.0,101.5,240.5,86.0,62.475,323.231,36.0,3
235.5,126.0,21.0,222.5,100.5,26.0,218.951,83.608,26.0,216.977,76.5,30.0,218.308,83.931,35.0,225.5,128.5,55.0,216.0,311.5,137.0,4
265.0,107.5,31.0,271.143,73.137,30.0,283.516,40.828,33.0,303.0,18.0,37.0,338.5,10.5,45.0,401.182,25.201,57.0,606.5,232.0,38.0,2
243.143,126.0,28.0,242.5,102.5,27.0,242.0,87.0,31.0,240.5,82.849,35.0,234.163,100.611,49.0,240.187,218.33,122.0,231.0,386.5,102.0,4
262.5,141.0,26.0,263.5,121.0,29.0,265.536,101.0,30.0,272.525,93.666,33.0,282.5,104.0,43.0,304.5,158.0,75.0,351.5,323.5,165.0,4
249.5,89.5,26.0,243.5,57.397,27.0,233.5,36.0,31.0,220.085,27.441,37.0,202.143,42.0,46.0,138.5,160.0,122.0,94.0,318.0,97.0,3
240.0,131.0,19.0,235.0,108.5,26.0,223.514,74.514,24.0,209.52,40.649,26.0,193.0,17.737,30.0,161.0,9.839,25.0,82.5,9.0,27.0,1
237.0,113.5,27.0,233.417,87.5,27.0,233.635,68.357,30.0,235.34,62.224,35.0,241.373,80.466,46.0,251.536,182.5,106.0,260.0,362.5,123.0,4
239.0,127.0,27.0,236.0,93.5,27.0,235.603,56.5,29.0,236.831,25.723,33.0,240.0,13.013,38.0,257.5,11.611,52.0,390.772,220.483,268.0,5
241.0,91.5,25.0,240.0,51.5,28.0,239.895,20.517,31.0,242.0,10.0,34.0,247.5,7.5,41.0,275.494,108.075,136.0,371.178,305.916,220.0,5
242.0,139.5,32.0,234.0,108.0,27.0,225.0,73.5,25.0,208.579,44.966,26.0,191.32,22.32,30.0,159.0,16.278,36.0,106.5,33.0,46.0,1
237.086,126.0,26.0,239.968,102.39,27.0,246.398,84.115,29.0,254.706,80.053,33.0,272.0,101.0,48.0,301.0,161.0,75.0,337.883,333.325,154.0,4
241.271,113.836,28.0,242.0,80.5,26.0,246.945,46.866,29.0,260.281,19.619,32.0,279.0,10.242,34.0,330.0,9.061,53.0,548.121,244.337,109.0,2
235.0,77.387,25.0,235.787,45.911,27.0,236.5,20.0,31.0,242.5,9.597,34.0,258.5,9.071,48.0,313.594,153.489,171.0,420.584,321.36,173.0,5
249.0,90.902,26.0,247.5,58.0,25.0,244.205,29.019,29.0,243.0,16.549,34.0,242.5,14.242,41.0,252.297,73.554,86.0,273.198,291.596,196.0,5
262.738,142.262,22.0,241.5,111.0,29.0,228.0,84.0,27.0,211.0,65.0,30.0,185.432,55.704,36.0,145.0,64.0,46.0,18.0,209.0,24.0,1
246.5,112.0,28.0,236.0,83.0,27.0,223.158,56.85,27.0,207.396,37.662,31.0,184.0,33.805,38.0,136.5,52.5,48.0,38.0,250.5,71.0,1
251.5,113.0,28.0,257.0,80.5,26.0,273.5,46.5,28.0,289.959,19.332,30.0,321.0,10.5,32.0,379.5,12.5,49.0,600.88,205.0,49.0,2
270.0,142.0,19.0,258.0,110.0,28.0,258.5,68.861,23.0,254.5,32.0,26.0,251.5,7.029,26.0,215.5,19.189,77.0,193.469,275.106,205.0,5
246.0,123.0,19.0,232.61,104.422,26.0,231.143,90.004,27.0,228.877,84.986,30.0,222.417,94.0,37.0,218.878,152.741,63.0,223.0,319.0,137.0,3
236.0,116.0,21.0,228.266,101.266,27.0,219.0,88.5,27.0,206.1,87.565,32.0,189.5,106.0,40.0,151.0,191.5,86.0,118.0,310.0,70.0,3
255.5,127.5,21.0,255.5,129.0,22.0,256.0,133.5,23.0,256.44,143.506,22.0,243.679,110.861,25.0,252.0,129.0,140.0,307.681,346.053,144.0,5
234.5,98.0,25.0,233.559,76.403,26.0,236.227,60.435,28.0,242.0,56.5,33.0,258.5,76.0,47.0,271.707,171.441,93.0,323.0,347.5,141.0,4
231.5,76.5,24.0,230.5,46.397,26.0,233.686,23.314,29.0,237.5,12.79,32.0,245.0,14.318,39.0,269.799,94.218,98.0,328.5,284.5,192.0,4
237.567,64.5,22.0,227.029,38.971,24.0,217.06,21.735,28.0,201.5,18.598,33.0,179.0,31.947,39.0,141.5,103.0,52.0,86.0,284.5,91.0,3
240.5,82.0,26.0,255.542,56.196,25.0,272.688,36.0,30.0,302.0,27.24,35.0,351.5,43.0,52.0,477.0,160.5,137.0,572.345,265.525,70.0,2
249.0,101.5,23.0,251.47,112.47,23.0,252.0,127.0,19.0,233.0,79.5,23.0,222.5,12.0,20.0,245.5,85.0,109.0,267.366,300.37,188.0,5
230.0,155.5,26.0,224.852,135.12,27.0,221.167,120.391,28.0,217.543,116.059,32.0,211.0,128.422,40.0,202.56,184.295,62.0,193.34,304.398,85.0,3
233.5,113.84,28.0,229.669,84.634,28.0,220.103,61.211,32.0,209.991,51.915,38.0,195.505,59.052,47.0,163.498,128.384,85.0,99.0,318.5,117.0,3
255.0,150.149,28.0,256.0,125.0,28.0,261.5,106.5,30.0,272.0,99.5,33.0,289.687,105.398,42.0,318.203,159.745,73.0,361.5,316.0,149.0,4
243.16,100.265,27.0,240.929,64.444,27.0,237.56,32.614,31.0,236.0,15.257,35.0,234.0,9.5,43.0,235.843,35.257,67.0,300.393,266.829,233.0,5
240.5,134.5,29.0,233.5,103.5,26.0,221.524,71.805,26.0,207.0,43.5,31.0,186.879,24.916,38.0,149.0,27.946,49.0,83.5,51.5,38.0,1
241.5,153.5,28.0,240.346,130.647,28.0,240.0,119.5,31.0,237.206,121.099,34.0,232.562,149.549,48.0,228.5,250.0,100.0,220.809,399.425,83.0,3
235.332,111.868,26.0,238.5,75.0,27.0,242.214,44.754,30.0,252.5,23.0,36.0,271.0,17.4,46.0,315.832,76.402,94.0,469.399,249.483,191.0,2
227.0,128.0,27.0,221.5,94.5,29.0,216.926,62.19,31.0,210.0,38.0,38.0,197.585,28.656,52.0,181.0,76.0,97.0,153.052,284.515,172.0,5
250.5,188.5,21.0,227.5,147.0,27.0,219.043,116.152,28.0,203.934,88.458,28.0,183.768,69.768,34.0,155.799,68.501,44.0,99.0,93.5,52.0,1
223.0,153.0,29.0,213.5,127.0,27.0,202.5,109.5,31.0,188.341,105.753,34.0,164.0,122.5,44.0,104.0,269.5,77.0,62.04,360.5,54.0,3
225.0,146.0,27.0,224.0,117.5,29.0,227.018,92.934,31.0,239.035,76.58,37.0,258.792,75.362,48.0,329.483,135.901,114.0,477.0,284.5,166.0,2
232.588,107.5,26.0,230.5,72.0,28.0,225.0,43.422,33.0,222.217,27.455,41.0,217.618,26.676,52.0,190.547,160.586,157.0,242.0,354.5,128.0,5
227.5,154.5,26.0,223.0,129.0,29.0,213.5,103.5,30.0,202.691,88.453,33.0,188.029,88.856,40.0,152.5,118.0,56.0,93.5,333.0,109.0,3
227.0,152.5,23.0,221.875,130.608,28.0,215.5,106.0,29.0,206.444,93.444,32.0,196.353,95.453,37.0,179.533,126.415,53.0,131.781,297.658,153.0,3
228.818,151.0,27.0,229.0,128.5,28.0,231.544,115.546,31.0,238.5,116.5,34.0,256.723,142.723,49.0,305.5,236.5,99.0,335.0,386.0,110.0,4
232.5,154.0,28.0,235.0,118.5,31.0,244.453,89.547,30.0,257.398,64.998,34.0,283.098,50.986,43.0,328.5,63.0,64.0,482.5,199.5,198.0,2
232.0,163.0,29.0,224.5,141.5,26.0,220.615,132.198,29.0,214.298,132.969,33.0,209.197,160.596,45.0,191.5,248.0,84.0,195.5,395.5,87.0,3
223.647,126.5,27.0,224.855,100.085,29.0,226.686,86.5,31.0,231.0,83.0,36.0,244.802,102.644,49.0,267.62,195.405,101.0,325.0,364.5,130.0,4
231.5,153.5,29.0,225.239,116.68,27.0,221.5,78.0,24.0,218.0,39.0,26.0,213.0,10.0,27.0,209.5,112.5,173.0,171.102,350.458,109.0,5
228.0,81.0,26.0,228.079,48.541,29.0,232.951,23.518,34.0,240.5,13.826,38.0,263.5,20.804,55.0,340.339,207.238,211.0,455.0,400.5,129.0,5
215.603,107.0,26.0,219.09,74.147,27.0,225.623,45.958,31.0,240.324,25.047,38.0,272.5,26.115,53.0,351.5,124.5,138.0,491.892,334.77,161.0,2
216.225,116.239,25.0,211.659,87.596,25.0,209.5,67.5,29.0,210.0,57.5,34.0,211.004,64.628,38.0,219.5,118.99,62.0,232.0,312.431,169.0,4
233.5,125.0,29.0,241.5,93.5,29.0,256.882,65.315,30.0,276.777,44.893,37.0,321.585,41.76,50.0,391.5,95.5,81.0,583.78,261.5,78.0,2
226.0,133.0,29.0,217.0,99.5,21.0,199.0,60.0,23.0,185.0,32.0,26.0,161.0,12.554,29.0,120.0,15.111,31.0,53.5,20.5,21.0,1
211.357,150.711,27.0,205.0,121.5,25.0,194.593,95.593,27.0,182.424,77.526,31.0,164.5,74.28,38.0,133.033,93.681,47.0,48.5,287.5,83.0,3
225.5,156.5,28.0,220.412,128.5,26.0,211.914,102.14,29.0,202.911,83.167,34.0,188.5,78.0,41.0,163.6,96.794,56.0,101.5,329.5,136.0,3
225.478,149.353,28.0,232.0,123.5,29.0,248.726,103.274,33.0,273.5,95.581,38.0,324.5,114.0,63.0,432.5,214.5,137.0,544.932,326.877,75.0,2
223.0,161.5,20.0,220.5,130.0,28.0,224.016,85.5,22.0,225.393,49.475,24.0,230.0,15.788,28.0,312.5,8.5,27.0,610.642,250.416,44.0,2
225.5,161.0,29.0,219.0,130.0,28.0,206.0,99.0,25.0,189.5,63.5,25.0,168.262,35.5,31.0,139.0,17.029,37.0,80.5,22.623,44.0,1
216.5,113.0,26.0,218.098,80.586,27.0,223.011,56.989,31.0,230.5,44.648,36.0,242.394,50.306,44.0,270.442,135.797,99.0,366.5,308.5,185.0,4
213.0,113.5,25.0,207.99,80.915,24.0,200.711,52.241,28.0,195.0,36.286,34.0,185.0,36.5,41.0,167.761,73.761,55.0,127.5,293.0,182.0,3
214.534,101.909,25.0,209.095,68.095,27.0,204.0,36.41,32.0,200.887,21.604,39.0,198.0,16.943,49.0,221.5,128.5,141.0,195.5,325.0,162.0,5
230.0,155.318,26.0,231.0,123.0,28.0,240.433,88.795,28.0,251.5,55.5,30.0,268.595,25.694,36.0,299.5,10.0,42.0,370.0,9.0,56.0,2
239.0,180.0,22.0,228.0,170.5,27.0,218.0,138.5,31.0,177.583,33.5,23.0,157.5,11.62,25.0,123.0,8.5,19.0,62.5,8.25,20.0,1
251.0,173.0,20.0,228.5,144.5,31.0,219.0,112.5,25.0,205.147,78.357,24.0,187.052,48.05,27.0,159.704,23.095,33.0,107.5,15.012,33.0,1
255.373,125.915,28.0,252.0,97.5,27.0,246.0,73.0,29.0,241.033,59.5,35.0,230.556,62.0,42.0,212.085,113.284,73.0,152.5,298.5,172.0,3
266.498,137.814,30.0,259.0,104.0,27.0,246.5,72.079,25.0,233.0,39.0,27.0,210.0,18.159,31.0,171.5,8.0,26.0,91.5,8.5,23.0,1
254.36,92.756,27.0,253.0,59.434,25.0,251.36,30.398,28.0,250.0,16.695,33.0,250.0,14.379,38.0,249.0,54.958,61.0,257.0,276.5,203.0,4
254.484,155.326,27.0,254.5,130.0,29.0,260.5,100.5,30.0,277.5,81.0,33.0,302.783,64.108,42.0,352.0,68.0,59.0,558.5,259.0,106.0,2
269.0,157.5,23.0,247.5,135.5,24.0,254.5,109.0,30.0,269.0,79.0,29.0,293.0,56.0,34.0,333.5,33.0,43.0,400.167,34.167,45.0,2
267.0,167.5,20.0,242.5,142.0,30.0,233.0,113.0,28.0,218.5,84.5,27.0,200.0,54.679,30.0,169.804,29.285,35.0,110.5,16.5,40.0,1
252.5,127.5,27.0,255.603,105.5,29.0,259.905,94.608,31.0,266.0,99.0,35.0,285.0,138.5,59.0,308.5,269.5,119.0,353.558,413.962,88.0,4
246.0,123.5,28.0,245.45,100.504,26.0,246.145,85.618,30.0,248.421,84.411,34.0,250.578,106.761,45.0,266.341,190.3,85.0,288.5,368.5,117.0,4
257.0,119.5,29.0,262.0,83.907,27.0,271.5,49.5,29.0,290.5,21.5,34.0,316.5,8.75,38.0,380.5,14.5,56.0,624.0,221.0,21.0,2
271.5,166.5,22.0,272.485,178.032,22.0,251.5,143.5,29.0,239.0,120.5,29.0,225.663,102.937,30.0,199.991,94.0,34.0,152.0,103.5,47.0,1
244.394,141.308,29.0,246.5,115.5,29.0,252.0,93.0,31.0,267.309,79.322,36.0,290.86,77.479,50.0,345.588,172.56,123.0,474.893,349.517,153.0,2
257.0,123.5,29.0,257.402,99.5,28.0,257.435,79.565,32.0,256.415,72.585,37.0,258.142,95.286,52.0,251.5,251.5,168.0,271.5,411.5,88.0,5
242.5,140.0,29.0,234.0,115.5,29.0,226.458,99.302,30.0,214.906,91.906,35.0,195.5,104.0,47.0,146.857,223.158,124.0,108.777,386.654,69.0,3
244.296,123.048,27.0,239.0,93.0,26.0,235.5,61.5,30.0,231.993,35.91,38.0,226.0,27.446,49.0,221.222,54.524,85.0,243.56,308.52,240.0,5
249.15,123.633,28.0,252.978,99.301,28.0,259.804,84.5,31.0,271.795,82.5,37.0,294.0,116.0,60.0,339.0,238.5,130.0,421.0,376.5,117.0,4
241.0,116.5,27.0,238.5,79.554,25.0,234.041,46.436,29.0,230.5,21.5,35.0,228.5,10.742,41.0,222.0,12.0,65.0,276.5,264.572,279.0,5
258.5,163.5,22.0,250.0,132.5,28.0,260.0,102.5,29.0,281.0,80.0,32.0,308.5,64.5,39.0,359.0,69.0,50.0,435.0,100.5,29.0,2
257.0,169.5,23.0,251.0,142.0,29.0,239.5,107.5,29.0,225.201,77.201,27.0,204.459,49.063,30.0,177.5,29.679,36.0,125.603,24.523,45.0,1
244.5,108.0,27.0,248.5,72.5,29.0,255.764,43.236,32.0,272.903,20.981,37.0,306.0,10.769,46.0,381.5,25.5,64.0,623.0,226.0,21.0,2
251.231,129.846,28.0,254.0,99.5,29.0,261.0,77.5,31.0,272.267,69.733,36.0,293.0,75.5,46.0,332.316,146.516,91.0,463.292,327.783,181.0,4
251.0,72.5,25.0,251.944,39.558,28.0,255.822,18.233,32.0,264.5,13.293,37.0,289.655,25.203,55.0,366.78,194.569,183.0,454.5,390.5,144.0,4
255.5,143.0,29.0,249.426,119.508,27.0,243.955,106.003,30.0,237.753,105.247,33.0,225.0,128.5,47.0,201.672,215.297,90.0,191.967,374.949,87.0,3
254.0,113.5,29.0,264.927,86.073,29.0,280.736,65.264,31.0,303.686,57.605,37.0,351.5,77.0,56.0,463.0,191.0,133.0,578.412,308.976,62.0,2
262.5,126.646,28.0,261.155,97.204,27.0,259.769,75.692,30.0,258.652,64.088,34.0,259.622,69.008,39.0,266.023,118.321,67.0,306.0,302.5,184.0,4
258.0,118.5,28.0,253.0,90.5,27.0,246.0,62.0,28.0,231.877,41.805,33.0,215.318,36.123,41.0,180.284,51.907,53.0,76.5,295.5,113.0,3
252.5,138.5,28.0,250.07,115.396,28.0,253.239,98.666,29.0,257.277,95.304,34.0,270.5,114.5,47.0,289.5,192.5,92.0,358.092,356.183,138.0,4
266.0,148.5,22.0,257.0,118.0,30.0,241.5,86.5,26.0,226.5,56.15,27.0,202.417,32.167,32.0,167.0,18.0,35.0,98.5,20.5,30.0,1
262.0,158.0,24.0,243.0,133.0,27.0,244.5,102.0,25.0,255.0,63.5,27.0,265.0,29.0,32.0,286.5,8.265,33.0,336.5,8.5,25.0,2
248.0,134.5,26.0,245.5,102.5,22.0,247.0,59.0,23.0,246.698,22.145,26.0,252.0,7.0,15.0,368.5,212.5,249.0,449.587,336.279,102.0,5
244.0,117.5,30.0,248.0,87.0,29.0,257.173,63.101,32.0,270.693,54.492,39.0,297.5,64.0,53.0,368.088,197.44,153.0,469.0,374.5,144.0,4
261.0,133.5,29.0,265.5,100.5,29.0,277.0,70.0,29.0,294.5,47.5,34.0,321.964,38.181,40.0,374.5,51.5,55.0,563.5,226.0,82.0,2
273.0,167.5,23.0,244.0,130.0,29.0,232.5,95.0,24.0,213.5,62.5,25.0,189.456,37.147,28.0,152.0,21.962,34.0,92.0,21.5,34.0,1
248.5,101.775,25.0,241.0,67.5,28.0,234.0,37.0,32.0,227.0,19.67,38.0,219.0,18.429,49.0,225.769,81.801,100.0,190.952,305.653,186.0,5
247.0,113.0,27.0,249.647,80.5,27.0,250.182,48.882,31.0,255.0,29.0,40.0,270.5,25.447,52.0,293.5,110.74,118.0,464.0,298.5,239.0,5
232.5,115.5,27.0,233.031,88.416,27.0,237.227,67.102,32.0,244.77,58.23,39.0,263.301,69.346,50.0,337.22,188.845,145.0,439.5,373.5,154.0,4
229.0,118.0,28.0,221.824,89.0,26.0,211.075,63.023,28.0,199.144,46.104,33.0,180.5,43.5,41.0,148.122,66.732,52.0,67.0,295.0,89.0,3
223.297,125.0,27.0,222.0,97.05,27.0,219.5,75.304,30.0,218.459,64.5,35.0,214.311,70.109,42.0,212.187,128.199,70.0,236.5,318.5,166.0,4
226.606,132.705,25.0,229.5,106.5,29.0,239.5,74.5,29.0,256.0,50.0,34.0,288.5,34.5,44.0,348.5,35.0,65.0,591.715,223.392,54.0,2
251.0,141.0,24.0,250.941,147.059,24.0,250.5,161.5,21.0,232.0,152.5,30.0,222.0,119.5,26.0,165.5,17.5,23.0,129.5,7.5,17.0,1
223.622,113.361,27.0,225.5,80.0,27.0,232.468,55.077,30.0,244.779,38.844,36.0,265.286,37.943,47.0,311.194,95.059,88.0,457.0,290.0,232.0,2
251.0,172.0,19.0,229.0,123.211,27.0,217.0,93.0,25.0,203.0,61.0,25.0,185.0,35.0,30.0,155.0,20.088,35.0,96.334,22.233,40.0,1
222.5,152.5,27.0,217.678,125.36,27.0,212.0,106.512,28.0,208.5,97.221,32.0,202.5,103.5,38.0,202.081,155.666,60.0,211.5,333.0,148.0,3
230.0,135.5,26.0,233.0,109.463,27.0,243.5,84.895,29.0,262.5,68.5,34.0,289.5,65.0,42.0,340.0,98.5,67.0,472.146,234.304,171.0,2
229.0,121.5,27.0,220.5,91.5,27.0,209.968,66.558,29.0,195.021,50.804,33.0,177.368,52.199,41.0,144.5,83.5,56.0,73.5,292.0,92.0,3
224.0,125.5,26.0,222.985,98.437,26.0,223.038,79.928,29.0,226.927,70.49,35.0,232.771,75.206,41.0,255.5,146.5,88.0,315.599,319.198,174.0,4
224.822,127.137,27.0,218.5,101.5,26.0,208.18,82.547,29.0,198.167,74.911,34.0,183.497,82.198,40.0,154.5,137.0,60.0,96.0,315.5,128.0,3
222.0,122.5,26.0,213.408,97.651,26.0,205.0,82.477,30.0,194.5,77.912,37.0,179.073,95.131,46.0,130.842,225.233,130.0,112.976,397.592,55.0,3
226.0,100.5,26.0,228.0,73.0,27.0,231.756,52.5,31.0,238.962,47.002,36.0,249.866,62.636,43.0,271.424,143.633,87.0,324.0,325.5,169.0,4
223.0,112.5,27.0,228.765,83.134,26.0,234.5,61.435,30.0,245.867,49.492,37.0,264.839,54.537,46.0,328.247,133.039,107.0,438.5,341.0,189.0,4
221.607,118.87,26.0,223.0,90.0,26.0,230.0,67.5,29.0,238.245,55.844,35.0,254.02,61.735,42.0,302.0,130.0,92.0,406.5,318.0,207.0,4
223.5,113.5,26.0,220.5,90.5,26.0,215.213,77.45,30.0,210.226,76.977,34.0,198.271,100.675,47.0,173.332,206.836,100.0,158.599,371.342,89.0,3
231.0,84.0,25.0,239.0,51.679,25.0,248.367,22.925,29.0,266.0,9.2,30.0,303.0,8.5,32.0,375.5,26.5,63.0,576.0,250.5,83.0,2
220.0,124.5,27.0,210.514,99.6,25.0,200.0,79.789,29.0,185.5,70.0,35.0,168.662,77.557,42.0,139.204,135.405,57.0,114.5,324.0,101.0,3
226.235,130.0,27.0,227.0,104.0,27.0,231.818,83.0,29.0,238.0,72.5,35.0,249.093,76.721,42.0,274.854,142.16,86.0,350.0,323.5,182.0,4
233.488,129.973,26.0,226.799,113.799,27.0,224.575,105.5,30.0,217.764,108.608,35.0,212.881,145.623,48.0,197.408,262.066,103.0,200.5,401.0,78.0,3
228.0,119.86,26.0,219.0,89.0,25.0,208.0,61.487,27.0,193.958,44.194,33.0,177.343,41.557,41.0,142.096,71.631,54.0,79.27,289.862,95.0,3
228.485,107.968,22.0,226.0,84.5,21.0,221.348,48.776,28.0,220.5,30.0,34.0,219.651,24.22,41.0,223.489,53.181,59.0,265.0,272.0,212.0,4
251.5,149.0,22.0,252.0,160.5,20.0,227.0,104.5,25.0,210.5,75.5,23.0,193.5,48.5,26.0,169.0,25.056,30.0,125.5,24.237,39.0,1
235.5,130.0,28.0,230.0,104.81,27.0,224.5,89.904,30.0,219.0,84.5,35.0,207.871,99.197,46.0,198.213,225.329,125.0,157.744,379.271,92.0,3
230.5,100.5,26.0,226.585,68.333,27.0,220.569,43.558,33.0,216.988,29.655,40.0,208.783,33.111,51.0,186.682,164.283,142.0,157.682,366.984,107.0,5
230.5,118.5,25.0,227.99,89.801,27.0,226.0,71.719,31.0,221.389,65.036,36.0,215.888,82.286,45.0,200.25,184.841,108.0,191.0,360.0,114.0,3
236.5,79.4,25.0,234.561,49.063,25.0,230.523,24.5,31.0,227.5,15.5,36.0,221.5,16.159,49.0,200.341,142.627,143.0,169.435,362.835,144.0,5
238.0,108.0,26.0,241.0,79.5,27.0,238.795,57.5,30.0,235.962,46.055,36.0,233.767,49.62,44.0,249.366,122.574,94.0,239.0,313.197,169.0,5
231.5,125.5,29.0,227.0,99.0,24.0,221.987,71.874,27.0,215.0,57.0,31.0,202.558,55.5,37.0,182.588,85.876,47.0,140.594,265.54,152.0,3
248.0,139.5,23.0,246.572,119.894,27.0,250.483,98.639,28.0,255.0,88.5,32.0,264.357,91.101,39.0,284.5,152.0,78.0,351.892,322.1,174.0,4
239.065,117.712,26.0,238.104,92.986,26.0,238.354,73.0,30.0,238.553,66.152,35.0,240.575,80.441,43.0,244.116,169.255,94.0,282.894,345.105,140.0,4
231.5,121.5,24.0,225.5,97.5,23.0,217.535,66.944,26.0,206.948,43.758,32.0,191.5,30.5,42.0,160.0,43.0,61.0,67.743,251.204,77.0,5
252.5,148.0,23.0,253.5,145.0,20.0,253.0,144.0,22.0,252.5,143.0,20.0,251.0,142.5,20.0,236.5,122.0,20.0,254.078,18.428,23.0,2
244.0,151.0,19.0,238.973,126.998,25.0,239.0,115.5,29.0,244.113,115.959,33.0,252.0,139.0,47.0,261.5,222.0,89.0,277.5,383.381,114.0,4
255.0,165.0,22.0,256.5,175.0,23.0,232.745,118.656,28.0,230.0,48.0,19.0,228.5,16.5,24.0,223.0,8.5,26.0,260.779,249.778,267.0,5
232.5,128.0,29.0,232.0,104.5,27.0,236.695,87.5,30.0,243.5,83.5,35.0,260.875,99.857,49.0,310.0,204.5,124.0,356.315,386.187,120.0,4
245.0,146.0,20.0,237.0,149.5,20.0,227.5,111.5,27.0,241.0,83.5,28.0,263.0,61.5,32.0,302.0,44.0,43.0,379.0,56.0,67.0,2
226.0,109.0,26.0,232.539,85.741,26.0,243.926,66.387,32.0,262.5,60.071,39.0,301.045,82.591,63.0,427.739,230.318,190.0,509.0,391.0,57.0,2
225.0,130.0,27.0,221.5,100.5,25.0,216.5,73.614,25.0,210.0,51.5,32.0,202.0,40.0,41.0,190.289,55.998,53.0,196.029,269.122,215.0,5
242.246,131.754,22.0,241.5,146.0,20.0,224.0,124.0,24.0,214.5,101.5,25.0,202.037,85.451,27.0,179.679,79.106,31.0,139.0,87.5,37.0,1
236.5,128.5,21.0,229.053,116.056,26.0,224.0,107.953,29.0,218.5,109.5,32.0,207.01,135.388,42.0,178.5,232.5,97.0,163.382,362.759,80.0,3
251.985,135.015,24.0,250.0,133.0,21.0,247.5,133.0,23.0,245.5,134.0,21.0,245.246,141.754,22.0,244.0,154.0,20.0,197.0,21.5,25.0,1
255.5,149.0,21.0,255.0,160.5,20.0,238.0,111.5,22.0,216.943,46.0,23.0,199.918,19.457,28.0,173.5,9.694,26.0,115.5,8.5,30.0,1
253.0,146.5,21.0,233.0,102.0,21.0,225.414,73.403,23.0,213.5,47.0,28.0,197.318,29.269,34.0,167.0,30.049,42.0,103.5,60.5,34.0,1
257.5,154.0,22.0,241.0,111.5,23.0,236.972,36.5,25.0,231.5,14.0,29.0,228.0,7.0,25.0,223.5,11.5,37.0,300.587,219.724,272.0,5
254.0,120.14,26.0,258.0,90.0,25.0,262.275,59.754,26.0,272.402,36.402,32.0,288.264,25.819,40.0,318.5,38.5,56.0,444.5,233.0,217.0,2
250.0,149.0,21.0,242.0,98.0,19.0,247.5,34.0,23.0,251.5,9.283,28.0,269.5,7.0,22.0,284.0,8.5,42.0,420.0,239.5,266.0,5
238.0,150.0,19.0,228.917,123.083,22.0,220.5,98.0,25.0,207.0,75.5,27.0,187.0,63.0,31.0,158.812,66.358,37.0,108.5,99.5,25.0,1
240.5,105.0,23.0,239.0,72.0,21.0,234.0,40.5,26.0,232.5,19.271,32.0,227.0,16.846,39.0,216.675,41.911,56.0,196.5,279.839,205.0,5
237.5,135.5,26.0,239.0,106.0,26.0,240.5,85.273,29.0,243.5,74.5,34.0,250.01,81.932,40.0,270.5,150.5,81.0,325.5,325.636,165.0,4
247.0,170.5,20.0,225.5,84.5,22.0,221.0,54.5,29.0,215.644,30.264,36.0,200.0,27.492,49.0,174.247,70.243,80.0,143.986,329.972,121.0,5
255.985,153.015,24.0,256.0,160.0,21.0,231.739,107.739,23.0,218.45,76.061,25.0,198.5,54.5,29.0,168.003,37.385,36.0,107.0,41.5,37.0,1
237.0,127.5,21.0,230.0,100.5,20.0,218.767,69.233,26.0,207.5,46.5,31.0,191.5,42.0,40.0,166.468,61.71,46.0,102.414,268.891,58.0,3
302.0,166.0,20.0,285.0,137.0,26.0,278.348,110.623,26.0,264.5,83.0,21.0,243.683,54.113,23.0,214.309,32.408,29.0,170.723,22.529,33.0,1
309.0,158.5,21.0,291.0,118.5,28.0,284.5,89.0,26.0,272.474,65.474,27.0,255.348,47.5,32.0,226.792,43.772,41.0,170.903,77.658,63.0,1
302.0,153.0,21.0,299.0,165.0,20.0,277.5,115.0,27.0,264.0,86.5,25.0,244.0,64.414,25.0,213.5,46.0,31.0,163.0,45.195,35.0,1
277.387,115.194,27.0,276.608,89.5,25.0,278.77,63.457,29.0,281.948,49.328,36.0,287.284,48.662,44.0,308.5,128.5,105.0,369.0,317.0,194.0,5
277.5,101.0,26.0,268.526,72.955,24.0,257.633,47.367,28.0,240.572,27.89,32.0,212.57,30.905,43.0,158.651,65.16,58.0,52.0,252.0,65.0,1
283.5,146.0,21.0,285.0,156.5,20.0,264.0,123.5,23.0,252.5,96.5,24.0,232.11,69.009,24.0,200.067,44.0,29.0,141.5,31.5,32.0,1
272.5,128.5,24.0,272.0,101.923,25.0,273.799,71.736,28.0,279.564,52.052,32.0,287.571,42.063,41.0,312.13,57.083,58.0,426.12,271.176,239.0,5
263.5,109.0,25.0,273.474,78.955,24.0,288.057,53.253,28.0,311.5,35.0,34.0,352.879,36.571,43.0,427.5,79.5,38.0,618.0,215.5,26.0,2
274.5,146.5,22.0,255.5,101.0,25.0,252.801,77.373,28.0,250.0,62.0,34.0,245.0,59.618,41.0,247.311,103.535,70.0,256.0,306.275,191.0,5
298.5,146.5,22.0,288.0,141.516,22.0,284.0,149.0,21.0,270.0,110.0,25.0,277.0,68.5,23.0,283.0,36.0,22.0,294.5,8.0,26.0,2
265.579,128.171,26.0,269.5,105.5,26.0,277.5,89.5,29.0,284.847,85.612,33.0,303.0,107.5,49.0,334.334,187.472,87.0,381.5,365.5,130.0,4
271.0,137.0,21.0,271.0,109.5,28.0,277.0,79.9,26.0,289.5,51.5,31.0,306.755,30.827,39.0,339.471,23.152,51.0,407.5,51.5,66.0,2
268.0,138.5,20.0,267.148,121.12,27.0,269.046,97.397,28.0,271.179,81.0,32.0,274.478,78.617,38.0,290.075,105.384,59.0,323.5,295.5,194.0,4
269.0,136.5,22.0,270.0,142.5,22.0,269.0,154.5,21.0,246.0,115.5,20.0,209.147,55.357,24.0,179.0,32.431,26.0,122.0,24.5,27.0,1
259.5,118.0,26.0,261.05,89.95,26.0,264.6,67.6,29.0,268.959,51.749,37.0,281.853,56.5,49.0,348.5,186.0,163.0,460.5,363.0,146.0,5
255.0,122.5,26.0,250.446,92.446,24.0,242.143,64.0,27.0,231.0,41.0,33.0,214.681,30.52,43.0,178.802,41.5,61.0,120.0,266.0,89.0,5
261.416,113.82,24.0,259.0,77.0,25.0,257.5,43.5,28.0,255.5,17.167,34.0,253.0,8.5,43.0,249.5,7.5,69.0,323.217,188.596,111.0,5
266.0,118.5,27.0,275.0,89.0,23.0,289.662,60.0,28.0,308.272,38.026,35.0,341.212,34.855,42.0,406.5,73.5,65.0,620.5,245.5,47.0,2
259.5,126.5,21.0,261.0,103.244,26.0,270.552,80.106,27.0,283.608,67.066,32.0,306.545,67.727,41.0,355.121,114.496,73.0,458.5,303.5,189.0,2
281.0,149.0,22.0,276.5,155.5,21.0,272.5,123.5,27.0,283.5,87.5,26.0,302.689,56.104,28.0,330.5,28.0,34.0,375.0,8.5,36.0,2
265.0,87.5,20.0,260.261,58.739,23.0,253.5,30.0,29.0,243.5,15.621,33.0,225.0,22.0,44.0,193.293,63.5,67.0,119.644,302.558,129.0,5
266.0,100.0,23.0,265.914,64.0,25.0,266.122,32.244,31.0,269.5,16.598,38.0,278.0,10.5,51.0,364.5,209.0,242.0,457.5,326.0,114.0,5
276.5,135.5,22.0,276.0,155.5,21.0,253.0,120.0,27.0,240.226,92.239,25.0,224.26,69.74,26.0,200.269,50.077,31.0,158.286,49.292,37.0,1
274.984,144.5,21.0,254.0,124.0,19.0,241.0,100.0,24.0,227.635,73.01,24.0,209.62,51.466,30.0,176.483,40.33,38.0,115.0,55.5,43.0,1
267.5,133.5,21.0,248.0,115.0,25.0,237.079,84.921,24.0,223.46,58.026,25.0,204.0,39.5,31.0,171.457,31.335,41.0,112.5,38.5,27.0,1
269.5,148.0,26.0,270.0,139.0,24.0,270.5,138.0,22.0,269.0,148.0,19.0,231.0,43.5,24.0,216.0,16.684,29.0,193.0,7.0,26.0,1
288.0,144.5,23.0,283.0,146.0,21.0,267.0,99.5,22.0,255.016,71.5,21.0,238.0,44.539,26.0,212.5,27.5,31.0,171.0,29.5,36.0,1
275.5,142.5,24.0,276.0,137.5,22.0,255.0,105.0,25.0,243.0,83.5,23.0,224.947,60.352,26.0,197.628,47.271,33.0,149.5,45.256,37.0,1
256.0,124.0,24.0,259.0,123.0,19.0,259.254,127.746,22.0,260.0,137.0,19.0,260.0,149.032,21.0,176.0,18.5,23.0,141.0,11.556,22.0,1
262.5,141.0,20.0,256.0,54.0,24.0,267.5,27.058,28.0,282.0,12.5,32.0,309.5,14.636,43.0,367.5,82.0,92.0,483.77,311.191,135.0,2
234.5,116.5,20.0,242.0,92.5,20.0,253.238,58.762,23.0,266.0,30.5,30.0,295.0,14.667,35.0,344.0,17.537,45.0,428.0,62.0,19.0,2
231.5,123.5,21.0,235.0,96.5,25.0,241.0,66.5,25.0,254.282,41.582,29.0,278.14,22.785,38.0,331.5,18.188,52.0,550.5,228.5,37.0,2
261.254,125.746,22.0,260.0,125.0,23.0,258.5,125.5,21.0,262.0,136.5,20.0,264.0,144.5,20.0,197.0,8.5,20.0,99.5,8.5,30.0,1
